insert into store_customer (phone, user_id) values ('845-783-3990', 1);
insert into store_address (street, city, customer_id) values ('6691 Pearson Drive', 'Tramandaí', 1);
insert into store_product (title, slug, description, unit_price, inventory, last_update) values ('Buckwheat', '672-73-9778', 'Fagopyrum Mill.', 49.69, 17, '2022-02-07');
insert into store_product (title, slug, description, unit_price, inventory, last_update) values ('Tolmie Star-tulip', '619-61-3000', 'Calochortus tolmiei Hook. & Arn.', 12.03, 32, '2021-09-28');
insert into store_product (title, slug, description, unit_price, inventory, last_update) values ('Slender Cryptantha', '693-77-6549', 'Cryptantha sparsiflora (Greene) Greene', 27.68, 27, '2022-06-04');
insert into store_product (title, slug, description, unit_price, inventory, last_update) values ('Snow In Summer', '808-14-0760', 'Cerastium tomentosum L.', 18.96, 74, '2022-03-12');
insert into store_product (title, slug, description, unit_price, inventory, last_update) values ('Actinostachys', '367-63-0941', 'Actinostachys Wall.', 19.63, 70, '2021-09-17');
insert into store_product (title, slug, description, unit_price, inventory, last_update) values ('Balloonbush', '437-23-8880', 'Epixiphium wislizeni (Engelm. ex A. Gray) Munz', 17.49, 63, '2021-08-08');
insert into store_product (title, slug, description, unit_price, inventory, last_update) values ('Sakhalin Corktree', '785-87-4229', 'Phellodendron sachalinense (F. Schmidt) Sarg.', 27.0, 62, '2021-11-07');
insert into store_product (title, slug, description, unit_price, inventory, last_update) values ('Buttongrass', '176-87-2609', 'Dactyloctenium radulans (R. Br.) P. Beauv.', 5.77, 67, '2021-12-18');
insert into store_product (title, slug, description, unit_price, inventory, last_update) values ('Castela', '636-43-4516', 'Castela Turp.', 5.81, 14, '2022-03-07');
insert into store_product (title, slug, description, unit_price, inventory, last_update) values ('Pussytoes', '825-38-3881', 'Antennaria ×oblancifolia E.E. Nelson (pro sp.)', 25.26, 52, '2021-08-09');
insert into store_product (title, slug, description, unit_price, inventory, last_update) values ('Mountain Mahogany', '078-94-1781', 'Cercocarpus Kunth', 16.28, 26, '2022-04-12');
insert into store_product (title, slug, description, unit_price, inventory, last_update) values ('Swamp Rosemallow', '412-87-1871', 'Hibiscus grandiflorus Michx.', 18.64, 77, '2022-03-30');
insert into store_product (title, slug, description, unit_price, inventory, last_update) values ('Shortspur Seablush', '460-70-4857', 'Plectritis congesta (Lindl.) DC. ssp. nitida (A. Heller) Morey', 30.38, 3, '2021-06-17');
insert into store_product (title, slug, description, unit_price, inventory, last_update) values ('Azure Blue Sage', '407-45-9146', 'Salvia azurea Michx. ex Lam.', 25.65, 26, '2021-07-28');
insert into store_product (title, slug, description, unit_price, inventory, last_update) values ('White Bear Sedge', '665-46-6135', 'Carex albursina Sheldon', 32.46, 72, '2021-08-14');
insert into store_product (title, slug, description, unit_price, inventory, last_update) values ('Cushion Milkvetch', '919-91-7264', 'Astragalus aretioides (M.E. Jones) Barneby', 27.03, 24, '2021-06-02');
insert into store_product (title, slug, description, unit_price, inventory, last_update) values ('Broadleaf Gilia', '096-77-2818', 'Aliciella latifolia (S. Watson) J.M. Porter ssp. imperialis (S.L. Welsh) J.M. Porter', 42.27, 74, '2022-04-04');
insert into store_product (title, slug, description, unit_price, inventory, last_update) values ('Brazilian Copperlily', '006-46-7513', 'Habranthus robustus Herb. ex Sweet', 46.39, 18, '2022-02-17');
insert into store_product (title, slug, description, unit_price, inventory, last_update) values ('Pohe Hiwa', '473-20-2148', 'Viola kauaensis A. Gray', 31.7, 44, '2022-01-14');
insert into store_product (title, slug, description, unit_price, inventory, last_update) values ('Barbula Moss', '375-74-5469', 'Barbula indica (Hook.) Spreng.', 18.39, 49, '2022-03-31');
insert into store_product (title, slug, description, unit_price, inventory, last_update) values ('Amaumau Fern', '089-51-0602', 'Sadleria cyatheoides Kaulf.', 30.98, 3, '2021-09-20');
insert into store_product (title, slug, description, unit_price, inventory, last_update) values ('Cornflag', '457-31-5192', 'Gladiolus communis L.', 13.46, 96, '2022-04-23');
insert into store_product (title, slug, description, unit_price, inventory, last_update) values ('Applegate''s Rim Lichen', '248-29-9102', 'Lecanora applegatei Herre', 25.26, 81, '2021-08-25');
insert into store_product (title, slug, description, unit_price, inventory, last_update) values ('Erizo', '910-10-6791', 'Pitcairnia angustifolia Aiton var. angustifolia ', 14.47, 60, '2021-06-10');
insert into store_product (title, slug, description, unit_price, inventory, last_update) values ('Smallflower Touchmenot', '595-17-6287', 'Impatiens parviflora DC.', 18.05, 29, '2022-04-09');
insert into store_product (title, slug, description, unit_price, inventory, last_update) values ('Tufted Airplant', '526-18-0366', 'Guzmania Ruiz & Pav.', 4.59, 20, '2022-05-09');
insert into store_product (title, slug, description, unit_price, inventory, last_update) values ('Rogue River Lupine', '481-88-0885', 'Lupinus lyallii A. Gray ssp. lyallii var. roguensis Cox', 13.58, 58, '2021-08-02');
insert into store_product (title, slug, description, unit_price, inventory, last_update) values ('Crested Woodfern', '950-94-2037', 'Dryopteris cristata (L.) A. Gray', 41.25, 58, '2022-01-30');
insert into store_product (title, slug, description, unit_price, inventory, last_update) values ('Oregon Phacelia', '987-40-5298', 'Phacelia nemoralis Greene ssp. oregonensis Heckard', 18.91, 19, '2022-04-12');
insert into store_product (title, slug, description, unit_price, inventory, last_update) values ('Thread Lichen', '735-66-5777', 'Ephebe ocellata Henssen', 32.57, 54, '2021-06-30');
insert into store_product (title, slug, description, unit_price, inventory, last_update) values ('Trans-pecos Cliffbrake', '092-13-3744', 'Pellaea ternifolia (Cav.) Link', 15.15, 10, '2021-08-11');
insert into store_product (title, slug, description, unit_price, inventory, last_update) values ('Tube Tongue', '323-65-5694', 'Siphonoglossa Oerst.', 18.66, 23, '2022-03-26');
insert into store_product (title, slug, description, unit_price, inventory, last_update) values ('Western Burning Bush', '759-01-1165', 'Euonymus occidentalis Nutt. ex Torr.', 13.39, 38, '2021-08-11');
insert into store_product (title, slug, description, unit_price, inventory, last_update) values ('Cardinal''s Feather', '230-35-6658', 'Acalypha radians Torr.', 8.45, 68, '2021-10-19');
insert into store_product (title, slug, description, unit_price, inventory, last_update) values ('Florida Cherry Palm', '282-45-0735', 'Pseudophoenix sargentii H. Wendl. ex Sarg.', 43.44, 6, '2021-06-20');
insert into store_product (title, slug, description, unit_price, inventory, last_update) values ('San Diego Mesamint', '169-02-8385', 'Pogogyne abramsii J.T. Howell', 3.61, 53, '2022-02-26');
insert into store_product (title, slug, description, unit_price, inventory, last_update) values ('Puerto Rico Sensitive-briar', '334-09-1689', 'Mimosa asperata L.', 15.13, 97, '2021-07-25');
insert into store_product (title, slug, description, unit_price, inventory, last_update) values ('Spiked Ticktrefoil', '161-62-2345', 'Desmodium cinerascens A. Gray', 46.48, 97, '2021-11-28');
insert into store_product (title, slug, description, unit_price, inventory, last_update) values ('Dock', '099-45-9519', 'Rumex ×dissimilis Rech. f. (pro sp.)', 38.95, 83, '2021-08-29');
insert into store_product (title, slug, description, unit_price, inventory, last_update) values ('Flatcrown Buckwheat', '219-02-1270', 'Eriogonum deflexum Torr. var. baratum (Elmer) Reveal', 19.0, 74, '2021-11-19');
insert into store_product (title, slug, description, unit_price, inventory, last_update) values ('Wild Foxglove', '324-51-5344', 'Ceratotheca triloba (Bernh.) E. Mey. ex Hook. f.', 38.2, 18, '2021-09-22');
insert into store_product (title, slug, description, unit_price, inventory, last_update) values ('Christmas Fern', '116-75-1970', 'Polystichum acrostichoides (Michx.) Schott var. lonchitoides Brooks', 27.98, 52, '2021-07-09');
insert into store_product (title, slug, description, unit_price, inventory, last_update) values ('Japanese Glorybower', '555-11-0072', 'Clerodendrum japonicum (Thunb.) Sweet', 4.89, 61, '2022-06-05');
insert into store_product (title, slug, description, unit_price, inventory, last_update) values ('Wheat', '666-28-3128', 'Triticum araraticum Jakubz.', 41.88, 61, '2021-10-02');
insert into store_product (title, slug, description, unit_price, inventory, last_update) values ('Eggers'' Century Plant', '845-73-6831', 'Agave eggersiana Trel.', 10.49, 56, '2022-04-15');
insert into store_product (title, slug, description, unit_price, inventory, last_update) values ('Collared Annual Lupine', '826-11-0475', 'Lupinus truncatus Nutt. ex Hook. & Arn.', 46.37, 90, '2021-09-17');
insert into store_product (title, slug, description, unit_price, inventory, last_update) values ('Goldencarpet Buckwheat', '289-37-5364', 'Eriogonum luteolum Greene', 10.24, 65, '2022-05-09');
insert into store_product (title, slug, description, unit_price, inventory, last_update) values ('Rio Grande Ayenia', '320-77-8482', 'Ayenia limitaris Cristobal', 45.75, 93, '2022-06-06');
insert into store_product (title, slug, description, unit_price, inventory, last_update) values ('Dwarf Checkerbloom', '736-04-9249', 'Sidalcea malviflora (DC.) A. Gray ex Benth. ssp. malviflora', 45.38, 49, '2022-01-07');
insert into store_product (title, slug, description, unit_price, inventory, last_update) values ('Karri', '036-73-6878', 'Eucalyptus diversicolor F. Muell.', 9.71, 61, '2021-08-08');
insert into store_cart (id, created_at, customer_id) values ('46f7b8b5e6fd4262b19b5dbda6f9fb14', '2021-09-07', 1);
insert into store_cart (id, created_at, customer_id) values ('d5e91d705d924bc28b11d56f9a85fee0', '2022-04-17', 1);
insert into store_cart (id, created_at, customer_id) values ('cca92024c05843acbf6d2477d7d1f810', '2021-11-18', 1);
insert into store_cart (id, created_at, customer_id) values ('0a170673df954a55b94bd892e95e0881', '2022-03-06', 1);
insert into store_cart (id, created_at, customer_id) values ('7d3bb590047c43738acf1d92fc7a6d29', '2021-07-30', 1);
insert into store_cart (id, created_at, customer_id) values ('3ffad02098cd485a8b002d6d0e232f90', '2022-05-09', 1);
insert into store_cart (id, created_at, customer_id) values ('6a456b3b48954a1ca40a08252e7fdc61', '2021-07-05', 1);
insert into store_cart (id, created_at, customer_id) values ('72fb6b97438c43938f8d4f8ffc393cbb', '2022-01-14', 1);
insert into store_cart (id, created_at, customer_id) values ('da4ada44590d46f39cf010f84943253c', '2022-02-08', 1);
insert into store_cart (id, created_at, customer_id) values ('0084f7243e934d78bd49c49a2c8c36c7', '2022-06-12', 1);
insert into store_cart (id, created_at, customer_id) values ('fc6bb27eb0ea4158a359a692dfc7c54b', '2022-03-17', 1);
insert into store_cart (id, created_at, customer_id) values ('73298e37c4d449b48274f8df5ebf6b96', '2022-06-02', 1);
insert into store_cart (id, created_at, customer_id) values ('5d58d17d328c4d0e92d0ee617aabb10d', '2022-02-17', 1);
insert into store_cart (id, created_at, customer_id) values ('f0aca5162dca482684f273361bc7e0f3', '2021-09-30', 1);
insert into store_cart (id, created_at, customer_id) values ('268e476a07d0457d9682241757fe5a1f', '2021-12-24', 1);
insert into store_cart (id, created_at, customer_id) values ('f17f2cba46654d749940af469d9e822f', '2022-03-20', 1);
insert into store_cart (id, created_at, customer_id) values ('cf7183e89c3743eeb4be44b7a3d8543e', '2022-02-03', 1);
insert into store_cart (id, created_at, customer_id) values ('8cf16ac5646d4dc58993cad5e3e324fb', '2021-09-08', 1);
insert into store_cart (id, created_at, customer_id) values ('3cd9be1c2b604972bcc9d1eba4703423', '2022-02-02', 1);
insert into store_cart (id, created_at, customer_id) values ('f28f0db37a17483fa1496feff87e9c5d', '2022-04-27', 1);
insert into store_cartitem (quantity, cart_id, product_id) values (8, '46f7b8b5e6fd4262b19b5dbda6f9fb14', 27);
insert into store_cartitem (quantity, cart_id, product_id) values (3, '46f7b8b5e6fd4262b19b5dbda6f9fb14', 37);
insert into store_cartitem (quantity, cart_id, product_id) values (9, '46f7b8b5e6fd4262b19b5dbda6f9fb14', 46);
insert into store_cartitem (quantity, cart_id, product_id) values (5, '46f7b8b5e6fd4262b19b5dbda6f9fb14', 45);
insert into store_cartitem (quantity, cart_id, product_id) values (3, '46f7b8b5e6fd4262b19b5dbda6f9fb14', 49);
insert into store_cartitem (quantity, cart_id, product_id) values (10, '46f7b8b5e6fd4262b19b5dbda6f9fb14', 25);
insert into store_cartitem (quantity, cart_id, product_id) values (3, '46f7b8b5e6fd4262b19b5dbda6f9fb14', 48);
insert into store_cartitem (quantity, cart_id, product_id) values (3, '46f7b8b5e6fd4262b19b5dbda6f9fb14', 19);
insert into store_cartitem (quantity, cart_id, product_id) values (3, 'cca92024c05843acbf6d2477d7d1f810', 49);
insert into store_cartitem (quantity, cart_id, product_id) values (6, '46f7b8b5e6fd4262b19b5dbda6f9fb14', 13);
insert into store_cartitem (quantity, cart_id, product_id) values (1, 'd5e91d705d924bc28b11d56f9a85fee0', 4);
insert into store_cartitem (quantity, cart_id, product_id) values (5, 'cca92024c05843acbf6d2477d7d1f810', 4);
insert into store_cartitem (quantity, cart_id, product_id) values (4, 'd5e91d705d924bc28b11d56f9a85fee0', 24);
insert into store_cartitem (quantity, cart_id, product_id) values (1, 'd5e91d705d924bc28b11d56f9a85fee0', 45);
insert into store_cartitem (quantity, cart_id, product_id) values (5, 'd5e91d705d924bc28b11d56f9a85fee0', 2);
insert into store_cartitem (quantity, cart_id, product_id) values (2, 'd5e91d705d924bc28b11d56f9a85fee0', 43);
insert into store_cartitem (quantity, cart_id, product_id) values (3, 'd5e91d705d924bc28b11d56f9a85fee0', 6);
insert into store_cartitem (quantity, cart_id, product_id) values (7, 'd5e91d705d924bc28b11d56f9a85fee0', 25);
insert into store_cartitem (quantity, cart_id, product_id) values (7, 'd5e91d705d924bc28b11d56f9a85fee0', 22);
insert into store_cartitem (quantity, cart_id, product_id) values (5, 'cca92024c05843acbf6d2477d7d1f810', 2);
insert into store_promotion (description, discount) values ('frame', 41);
insert into store_promotion (description, discount) values ('optimizing', 48);
insert into store_promotion (description, discount) values ('definition', 25);
insert into store_promotion (description, discount) values ('service-desk', 22);
insert into store_promotion (description, discount) values ('Focused', 20);
insert into store_promotion (description, discount) values ('archive', 33);
insert into store_promotion (description, discount) values ('Programmable', 10);
insert into store_promotion (description, discount) values ('even-keeled', 17);
insert into store_promotion (description, discount) values ('intangible', 32);
insert into store_promotion (description, discount) values ('intermediate', 18);
insert into store_promotion (description, discount) values ('Customer-focused', 10);
insert into store_promotion (description, discount) values ('Centralized', 89);
insert into store_promotion (description, discount) values ('User-centric', 67);
insert into store_promotion (description, discount) values ('pricing structure', 73);
insert into store_promotion (description, discount) values ('mission-critical', 80);
insert into store_promotion (description, discount) values ('Proactive', 16);
insert into store_promotion (description, discount) values ('tertiary', 66);
insert into store_promotion (description, discount) values ('even-keeled', 81);
insert into store_promotion (description, discount) values ('instruction set', 96);
insert into store_promotion (description, discount) values ('multi-state', 55);
insert into store_promotion (description, discount) values ('Multi-layered', 39);
insert into store_promotion (description, discount) values ('Proactive', 67);
insert into store_promotion (description, discount) values ('Universal', 14);
insert into store_promotion (description, discount) values ('Networked', 25);
insert into store_promotion (description, discount) values ('data-warehouse', 56);
insert into store_promotion (description, discount) values ('Down-sized', 57);
insert into store_promotion (description, discount) values ('adapter', 31);
insert into store_promotion (description, discount) values ('Vision-oriented', 85);
insert into store_promotion (description, discount) values ('middleware', 41);
insert into store_promotion (description, discount) values ('responsive', 65);
insert into store_promotion (description, discount) values ('productivity', 52);
insert into store_promotion (description, discount) values ('Ergonomic', 73);
insert into store_promotion (description, discount) values ('application', 31);
insert into store_promotion (description, discount) values ('Versatile', 97);
insert into store_promotion (description, discount) values ('Enhanced', 16);
insert into store_promotion (description, discount) values ('bottom-line', 11);
insert into store_promotion (description, discount) values ('Monitored', 92);
insert into store_promotion (description, discount) values ('encryption', 96);
insert into store_promotion (description, discount) values ('5th generation', 28);
insert into store_promotion (description, discount) values ('Face to face', 59);
insert into store_promotion (description, discount) values ('infrastructure', 81);
insert into store_promotion (description, discount) values ('encompassing', 32);
insert into store_promotion (description, discount) values ('core', 75);
insert into store_promotion (description, discount) values ('Multi-layered', 6);
insert into store_promotion (description, discount) values ('tertiary', 3);
insert into store_promotion (description, discount) values ('initiative', 31);
insert into store_promotion (description, discount) values ('standardization', 76);
insert into store_promotion (description, discount) values ('Expanded', 72);
insert into store_promotion (description, discount) values ('Enterprise-wide', 1);
insert into store_promotion (description, discount) values ('functionalities', 45);
insert into store_collection (title, slug) values ('Rosaceae', 1);
insert into store_collection (title, slug) values ('Solanaceae', 2);
insert into store_collection (title, slug) values ('Chenopodiaceae', 3);
insert into store_collection (title, slug) values ('Grossulariaceae', 4);
insert into store_collection (title, slug) values ('Moraceae', 5);
insert into store_order (placed_at, payment_status, customer_id) values ('2021-09-26', 'P', 1);
insert into store_order (placed_at, payment_status, customer_id) values ('2022-05-11', 'P', 1);
insert into store_order (placed_at, payment_status, customer_id) values ('2021-08-15', 'P', 1);
insert into store_order (placed_at, payment_status, customer_id) values ('2022-02-06', 'P', 1);
insert into store_order (placed_at, payment_status, customer_id) values ('2021-10-06', 'P', 1);
insert into store_order (placed_at, payment_status, customer_id) values ('2021-12-26', 'P', 1);
insert into store_order (placed_at, payment_status, customer_id) values ('2021-08-29', 'P', 1);
insert into store_order (placed_at, payment_status, customer_id) values ('2022-04-28', 'P', 1);
insert into store_order (placed_at, payment_status, customer_id) values ('2021-09-05', 'C', 1);
insert into store_order (placed_at, payment_status, customer_id) values ('2022-05-22', 'C', 1);
insert into store_order (placed_at, payment_status, customer_id) values ('2022-03-13', 'F', 1);
insert into store_order (placed_at, payment_status, customer_id) values ('2021-07-01', 'P', 1);
insert into store_order (placed_at, payment_status, customer_id) values ('2022-05-19', 'C', 1);
insert into store_order (placed_at, payment_status, customer_id) values ('2022-01-04', 'F', 1);
insert into store_order (placed_at, payment_status, customer_id) values ('2021-08-08', 'F', 1);
insert into store_order (placed_at, payment_status, customer_id) values ('2021-08-07', 'P', 1);
insert into store_order (placed_at, payment_status, customer_id) values ('2022-03-06', 'C', 1);
insert into store_order (placed_at, payment_status, customer_id) values ('2022-03-16', 'F', 1);
insert into store_order (placed_at, payment_status, customer_id) values ('2022-05-31', 'C', 1);
insert into store_order (placed_at, payment_status, customer_id) values ('2021-08-20', 'P', 1);
insert into store_orderitem (quantity, unit_price, order_id, product_id) values (8, 62.61, 18, 46);
insert into store_orderitem (quantity, unit_price, order_id, product_id) values (3, 81.86, 13, 14);
insert into store_orderitem (quantity, unit_price, order_id, product_id) values (2, 92.73, 10, 17);
insert into store_orderitem (quantity, unit_price, order_id, product_id) values (4, 30.91, 18, 47);
insert into store_orderitem (quantity, unit_price, order_id, product_id) values (3, 77.16, 1, 35);
insert into store_orderitem (quantity, unit_price, order_id, product_id) values (7, 23.23, 4, 47);
insert into store_orderitem (quantity, unit_price, order_id, product_id) values (7, 81.39, 20, 3);
insert into store_orderitem (quantity, unit_price, order_id, product_id) values (4, 98.45, 1, 2);
insert into store_orderitem (quantity, unit_price, order_id, product_id) values (9, 60.41, 20, 8);
insert into store_orderitem (quantity, unit_price, order_id, product_id) values (10, 35.68, 8, 40);
insert into store_orderitem (quantity, unit_price, order_id, product_id) values (4, 88.55, 4, 15);
insert into store_orderitem (quantity, unit_price, order_id, product_id) values (3, 75.45, 7, 10);
insert into store_orderitem (quantity, unit_price, order_id, product_id) values (9, 37.39, 20, 39);
insert into store_orderitem (quantity, unit_price, order_id, product_id) values (9, 68.49, 8, 25);
insert into store_orderitem (quantity, unit_price, order_id, product_id) values (2, 82.19, 20, 23);
insert into store_orderitem (quantity, unit_price, order_id, product_id) values (10, 99.03, 6, 25);
insert into store_orderitem (quantity, unit_price, order_id, product_id) values (4, 87.49, 6, 48);
insert into store_orderitem (quantity, unit_price, order_id, product_id) values (5, 44.31, 15, 33);
insert into store_orderitem (quantity, unit_price, order_id, product_id) values (8, 20.96, 10, 28);
insert into store_orderitem (quantity, unit_price, order_id, product_id) values (1, 70.29, 4, 48);
insert into store_product_collections (product_id, collection_id) values (1, 2);
insert into store_product_collections (product_id, collection_id) values (31, 3);
insert into store_product_collections (product_id, collection_id) values (19, 1);
insert into store_product_collections (product_id, collection_id) values (39, 4);
insert into store_product_collections (product_id, collection_id) values (2, 5);
insert into store_product_collections (product_id, collection_id) values (32, 2);
insert into store_product_collections (product_id, collection_id) values (9, 4);
insert into store_product_collections (product_id, collection_id) values (24, 2);
insert into store_product_collections (product_id, collection_id) values (38, 1);
insert into store_product_collections (product_id, collection_id) values (39, 2);
insert into store_product_collections (product_id, collection_id) values (14, 3);
insert into store_product_collections (product_id, collection_id) values (48, 5);
insert into store_product_collections (product_id, collection_id) values (35, 5);
insert into store_product_collections (product_id, collection_id) values (2, 3);
insert into store_product_collections (product_id, collection_id) values (25, 3);
insert into store_product_collections (product_id, collection_id) values (42, 2);
insert into store_product_collections (product_id, collection_id) values (27, 4);
insert into store_product_collections (product_id, collection_id) values (29, 1);
insert into store_product_collections (product_id, collection_id) values (37, 1);
insert into store_product_collections (product_id, collection_id) values (37, 5);
insert into store_product_collections (product_id, collection_id) values (50, 1);
insert into store_product_collections (product_id, collection_id) values (27, 3);
insert into store_product_collections (product_id, collection_id) values (40, 2);
insert into store_product_collections (product_id, collection_id) values (8, 3);
insert into store_product_collections (product_id, collection_id) values (20, 5);
insert into store_product_collections (product_id, collection_id) values (50, 2);
insert into store_product_collections (product_id, collection_id) values (32, 4);
insert into store_product_collections (product_id, collection_id) values (50, 4);
insert into store_product_collections (product_id, collection_id) values (16, 1);
insert into store_product_collections (product_id, collection_id) values (19, 3);
insert into store_product_collections (product_id, collection_id) values (20, 2);
insert into store_product_collections (product_id, collection_id) values (45, 2);
insert into store_product_collections (product_id, collection_id) values (37, 2);
insert into store_product_collections (product_id, collection_id) values (50, 5);
insert into store_product_collections (product_id, collection_id) values (9, 3);
insert into store_product_collections (product_id, collection_id) values (46, 4);
insert into store_product_collections (product_id, collection_id) values (8, 5);
insert into store_product_collections (product_id, collection_id) values (23, 2);
insert into store_product_collections (product_id, collection_id) values (3, 4);
insert into store_product_collections (product_id, collection_id) values (21, 5);
insert into store_product_collections (product_id, collection_id) values (24, 1);
insert into store_product_collections (product_id, collection_id) values (28, 1);
insert into store_product_collections (product_id, collection_id) values (11, 5);
insert into store_product_collections (product_id, collection_id) values (4, 5);
insert into store_product_collections (product_id, collection_id) values (13, 1);
insert into store_product_collections (product_id, collection_id) values (47, 3);
insert into store_product_collections (product_id, collection_id) values (6, 2);
insert into store_product_collections (product_id, collection_id) values (45, 5);
insert into store_product_collections (product_id, collection_id) values (8, 4);
insert into store_product_collections (product_id, collection_id) values (49, 1);
insert into store_product_collections (product_id, collection_id) values (18, 2);
insert into store_product_collections (product_id, collection_id) values (12, 3);
insert into store_product_collections (product_id, collection_id) values (42, 5);
insert into store_product_collections (product_id, collection_id) values (27, 1);
insert into store_product_collections (product_id, collection_id) values (47, 1);
insert into store_product_collections (product_id, collection_id) values (32, 5);
insert into store_product_collections (product_id, collection_id) values (36, 4);
insert into store_product_collections (product_id, collection_id) values (21, 2);
insert into store_product_collections (product_id, collection_id) values (40, 3);
insert into store_product_collections (product_id, collection_id) values (49, 2);
insert into store_product_collections (product_id, collection_id) values (20, 1);
insert into store_product_collections (product_id, collection_id) values (50, 3);
insert into store_product_collections (product_id, collection_id) values (6, 3);
insert into store_product_collections (product_id, collection_id) values (9, 2);
insert into store_product_collections (product_id, collection_id) values (6, 5);
insert into store_product_collections (product_id, collection_id) values (49, 5);
insert into store_product_collections (product_id, collection_id) values (17, 5);
insert into store_product_collections (product_id, collection_id) values (7, 2);
insert into store_product_collections (product_id, collection_id) values (49, 3);
insert into store_product_collections (product_id, collection_id) values (29, 2);
insert into store_product_collections (product_id, collection_id) values (49, 4);
insert into store_product_collections (product_id, collection_id) values (23, 3);
insert into store_product_collections (product_id, collection_id) values (29, 5);
insert into store_product_collections (product_id, collection_id) values (5, 1);
insert into store_product_collections (product_id, collection_id) values (18, 1);
insert into store_product_collections (product_id, collection_id) values (48, 1);
insert into store_product_collections (product_id, collection_id) values (19, 5);
insert into store_product_collections (product_id, collection_id) values (33, 5);
insert into store_product_collections (product_id, collection_id) values (41, 5);
insert into store_product_collections (product_id, collection_id) values (11, 4);
insert into store_product_collections (product_id, collection_id) values (25, 1);
insert into store_product_collections (product_id, collection_id) values (16, 3);
insert into store_product_collections (product_id, collection_id) values (26, 4);
insert into store_product_collections (product_id, collection_id) values (16, 2);
insert into store_product_collections (product_id, collection_id) values (43, 5);
insert into store_product_collections (product_id, collection_id) values (12, 2);
insert into store_product_collections (product_id, collection_id) values (22, 3);
insert into store_product_collections (product_id, collection_id) values (4, 1);
insert into store_product_collections (product_id, collection_id) values (47, 2);
insert into store_product_collections (product_id, collection_id) values (45, 3);
insert into store_product_collections (product_id, collection_id) values (5, 4);
insert into store_product_collections (product_id, collection_id) values (48, 2);
insert into store_product_collections (product_id, collection_id) values (48, 3);
insert into store_product_collections (product_id, collection_id) values (48, 4);
insert into store_product_collections (product_id, collection_id) values (17, 4);
insert into store_product_collections (product_id, collection_id) values (4, 3);
insert into store_product_collections (product_id, collection_id) values (38, 4);
insert into store_product_collections (product_id, collection_id) values (20, 3);
insert into store_product_collections (product_id, collection_id) values (18, 3);
insert into store_product_collections (product_id, collection_id) values (2, 1);
insert into store_product_promotions (product_id, promotion_id) values (5, 43);
insert into store_product_promotions (product_id, promotion_id) values (32, 42);
insert into store_product_promotions (product_id, promotion_id) values (29, 48);
insert into store_product_promotions (product_id, promotion_id) values (42, 32);
insert into store_product_promotions (product_id, promotion_id) values (41, 39);
insert into store_product_promotions (product_id, promotion_id) values (22, 42);
insert into store_product_promotions (product_id, promotion_id) values (19, 7);
insert into store_product_promotions (product_id, promotion_id) values (1, 29);
insert into store_product_promotions (product_id, promotion_id) values (32, 3);
insert into store_product_promotions (product_id, promotion_id) values (34, 34);
insert into store_productreview (product_id, name, description, date) values (1, 'Configurable', 'Etiam vel augue. Vestibulum rutrum rutrum neque. Aenean auctor gravida sem.
Praesent id massa id nisl venenatis lacinia. Aenean sit amet justo. Morbi ut odio.', '2022-05-30');
insert into store_productreview (product_id, name, description, date) values (2, 'parallelism', 'Vestibulum quam sapien, varius ut, blandit non, interdum in, ante. Vestibulum ante ipsum primis in faucibus orci luctus et ultrices posuere cubilia Curae; Duis faucibus accumsan odio. Curabitur convallis.', '2021-07-09');
insert into store_productreview (product_id, name, description, date) values (3, 'Fully-configurable', 'Fusce posuere felis sed lacus. Morbi sem mauris, laoreet ut, rhoncus aliquet, pulvinar sed, nisl. Nunc rhoncus dui vel sem.', '2021-07-15');
insert into store_productreview (product_id, name, description, date) values (4, 'Visionary', 'Suspendisse potenti. In eleifend quam a odio. In hac habitasse platea dictumst.
Maecenas ut massa quis augue luctus tincidunt. Nulla mollis molestie lorem. Quisque ut erat.
Curabitur gravida nisi at nibh. In hac habitasse platea dictumst. Aliquam augue quam, sollicitudin vitae, consectetuer eget, rutrum at, lorem.', '2021-11-28');
insert into store_productreview (product_id, name, description, date) values (5, 'collaboration', 'In congue. Etiam justo. Etiam pretium iaculis justo.
In hac habitasse platea dictumst. Etiam faucibus cursus urna. Ut tellus.', '2022-04-08');
insert into store_productreview (product_id, name, description, date) values (6, 'Programmable', 'In hac habitasse platea dictumst. Morbi vestibulum, velit id pretium iaculis, diam erat fermentum justo, nec condimentum neque sapien placerat ante. Nulla justo.
Aliquam quis turpis eget elit sodales scelerisque. Mauris sit amet eros. Suspendisse accumsan tortor quis turpis.
Sed ante. Vivamus tortor. Duis mattis egestas metus.', '2022-04-26');
insert into store_productreview (product_id, name, description, date) values (7, 'Secured', 'Quisque porta volutpat erat. Quisque erat eros, viverra eget, congue eget, semper rutrum, nulla. Nunc purus.
Phasellus in felis. Donec semper sapien a libero. Nam dui.', '2022-03-04');
insert into store_productreview (product_id, name, description, date) values (8, 'context-sensitive', 'Duis bibendum. Morbi non quam nec dui luctus rutrum. Nulla tellus.
In sagittis dui vel nisl. Duis ac nibh. Fusce lacus purus, aliquet at, feugiat non, pretium quis, lectus.
Suspendisse potenti. In eleifend quam a odio. In hac habitasse platea dictumst.', '2021-06-22');
insert into store_productreview (product_id, name, description, date) values (9, 'impactful', 'In quis justo. Maecenas rhoncus aliquam lacus. Morbi quis tortor id nulla ultrices aliquet.
Maecenas leo odio, condimentum id, luctus nec, molestie sed, justo. Pellentesque viverra pede ac diam. Cras pellentesque volutpat dui.
Maecenas tristique, est et tempus semper, est quam pharetra magna, ac consequat metus sapien ut nunc. Vestibulum ante ipsum primis in faucibus orci luctus et ultrices posuere cubilia Curae; Mauris viverra diam vitae quam. Suspendisse potenti.', '2022-06-12');
insert into store_productreview (product_id, name, description, date) values (10, 'Multi-layered', 'Proin leo odio, porttitor id, consequat in, consequat ut, nulla. Sed accumsan felis. Ut at dolor quis odio consequat varius.', '2022-02-02');
insert into store_productreview (product_id, name, description, date) values (11, 'model', 'Fusce consequat. Nulla nisl. Nunc nisl.', '2021-07-08');
insert into store_productreview (product_id, name, description, date) values (12, 'Innovative', 'Duis consequat dui nec nisi volutpat eleifend. Donec ut dolor. Morbi vel lectus in quam fringilla rhoncus.
Mauris enim leo, rhoncus sed, vestibulum sit amet, cursus id, turpis. Integer aliquet, massa id lobortis convallis, tortor risus dapibus augue, vel accumsan tellus nisi eu orci. Mauris lacinia sapien quis libero.', '2021-09-18');
insert into store_productreview (product_id, name, description, date) values (13, 'content-based', 'Vestibulum ac est lacinia nisi venenatis tristique. Fusce congue, diam id ornare imperdiet, sapien urna pretium nisl, ut volutpat sapien arcu sed augue. Aliquam erat volutpat.
In congue. Etiam justo. Etiam pretium iaculis justo.
In hac habitasse platea dictumst. Etiam faucibus cursus urna. Ut tellus.', '2022-01-26');
insert into store_productreview (product_id, name, description, date) values (14, 'Extended', 'Curabitur in libero ut massa volutpat convallis. Morbi odio odio, elementum eu, interdum eu, tincidunt in, leo. Maecenas pulvinar lobortis est.', '2022-01-07');
insert into store_productreview (product_id, name, description, date) values (15, 'Intuitive', 'Vestibulum ac est lacinia nisi venenatis tristique. Fusce congue, diam id ornare imperdiet, sapien urna pretium nisl, ut volutpat sapien arcu sed augue. Aliquam erat volutpat.
In congue. Etiam justo. Etiam pretium iaculis justo.
In hac habitasse platea dictumst. Etiam faucibus cursus urna. Ut tellus.', '2021-11-29');
insert into store_productreview (product_id, name, description, date) values (16, 'asynchronous', 'Phasellus in felis. Donec semper sapien a libero. Nam dui.
Proin leo odio, porttitor id, consequat in, consequat ut, nulla. Sed accumsan felis. Ut at dolor quis odio consequat varius.
Integer ac leo. Pellentesque ultrices mattis odio. Donec vitae nisi.', '2021-07-26');
insert into store_productreview (product_id, name, description, date) values (17, 'Devolved', 'Maecenas ut massa quis augue luctus tincidunt. Nulla mollis molestie lorem. Quisque ut erat.', '2022-03-20');
insert into store_productreview (product_id, name, description, date) values (18, 'approach', 'Cum sociis natoque penatibus et magnis dis parturient montes, nascetur ridiculus mus. Vivamus vestibulum sagittis sapien. Cum sociis natoque penatibus et magnis dis parturient montes, nascetur ridiculus mus.
Etiam vel augue. Vestibulum rutrum rutrum neque. Aenean auctor gravida sem.
Praesent id massa id nisl venenatis lacinia. Aenean sit amet justo. Morbi ut odio.', '2021-12-25');
insert into store_productreview (product_id, name, description, date) values (19, 'Enhanced', 'Fusce consequat. Nulla nisl. Nunc nisl.', '2022-06-17');
insert into store_productreview (product_id, name, description, date) values (20, 'installation', 'Cum sociis natoque penatibus et magnis dis parturient montes, nascetur ridiculus mus. Vivamus vestibulum sagittis sapien. Cum sociis natoque penatibus et magnis dis parturient montes, nascetur ridiculus mus.', '2021-10-10');
insert into store_productreview (product_id, name, description, date) values (21, 'scalable', 'In congue. Etiam justo. Etiam pretium iaculis justo.', '2021-11-24');
insert into store_productreview (product_id, name, description, date) values (22, 'systematic', 'Suspendisse potenti. In eleifend quam a odio. In hac habitasse platea dictumst.
Maecenas ut massa quis augue luctus tincidunt. Nulla mollis molestie lorem. Quisque ut erat.
Curabitur gravida nisi at nibh. In hac habitasse platea dictumst. Aliquam augue quam, sollicitudin vitae, consectetuer eget, rutrum at, lorem.', '2021-11-18');
insert into store_productreview (product_id, name, description, date) values (23, 'encoding', 'Vestibulum quam sapien, varius ut, blandit non, interdum in, ante. Vestibulum ante ipsum primis in faucibus orci luctus et ultrices posuere cubilia Curae; Duis faucibus accumsan odio. Curabitur convallis.
Duis consequat dui nec nisi volutpat eleifend. Donec ut dolor. Morbi vel lectus in quam fringilla rhoncus.
Mauris enim leo, rhoncus sed, vestibulum sit amet, cursus id, turpis. Integer aliquet, massa id lobortis convallis, tortor risus dapibus augue, vel accumsan tellus nisi eu orci. Mauris lacinia sapien quis libero.', '2022-01-25');
insert into store_productreview (product_id, name, description, date) values (24, 'Ameliorated', 'Morbi porttitor lorem id ligula. Suspendisse ornare consequat lectus. In est risus, auctor sed, tristique in, tempus sit amet, sem.
Fusce consequat. Nulla nisl. Nunc nisl.', '2021-12-09');
insert into store_productreview (product_id, name, description, date) values (25, 'Total', 'Aliquam quis turpis eget elit sodales scelerisque. Mauris sit amet eros. Suspendisse accumsan tortor quis turpis.
Sed ante. Vivamus tortor. Duis mattis egestas metus.
Aenean fermentum. Donec ut mauris eget massa tempor convallis. Nulla neque libero, convallis eget, eleifend luctus, ultricies eu, nibh.', '2022-03-07');
insert into store_productreview (product_id, name, description, date) values (26, 'User-friendly', 'In hac habitasse platea dictumst. Etiam faucibus cursus urna. Ut tellus.
Nulla ut erat id mauris vulputate elementum. Nullam varius. Nulla facilisi.', '2021-10-06');
insert into store_productreview (product_id, name, description, date) values (27, 'challenge', 'Aenean fermentum. Donec ut mauris eget massa tempor convallis. Nulla neque libero, convallis eget, eleifend luctus, ultricies eu, nibh.
Quisque id justo sit amet sapien dignissim vestibulum. Vestibulum ante ipsum primis in faucibus orci luctus et ultrices posuere cubilia Curae; Nulla dapibus dolor vel est. Donec odio justo, sollicitudin ut, suscipit a, feugiat et, eros.
Vestibulum ac est lacinia nisi venenatis tristique. Fusce congue, diam id ornare imperdiet, sapien urna pretium nisl, ut volutpat sapien arcu sed augue. Aliquam erat volutpat.', '2022-03-31');
insert into store_productreview (product_id, name, description, date) values (28, 'contextually-based', 'In congue. Etiam justo. Etiam pretium iaculis justo.
In hac habitasse platea dictumst. Etiam faucibus cursus urna. Ut tellus.', '2021-10-14');
insert into store_productreview (product_id, name, description, date) values (29, 'local area network', 'Cras non velit nec nisi vulputate nonummy. Maecenas tincidunt lacus at velit. Vivamus vel nulla eget eros elementum pellentesque.
Quisque porta volutpat erat. Quisque erat eros, viverra eget, congue eget, semper rutrum, nulla. Nunc purus.', '2021-10-22');
insert into store_productreview (product_id, name, description, date) values (30, 'homogeneous', 'Quisque porta volutpat erat. Quisque erat eros, viverra eget, congue eget, semper rutrum, nulla. Nunc purus.', '2022-06-05');
insert into store_productreview (product_id, name, description, date) values (31, 'Managed', 'Cras non velit nec nisi vulputate nonummy. Maecenas tincidunt lacus at velit. Vivamus vel nulla eget eros elementum pellentesque.
Quisque porta volutpat erat. Quisque erat eros, viverra eget, congue eget, semper rutrum, nulla. Nunc purus.', '2022-02-04');
insert into store_productreview (product_id, name, description, date) values (32, 'homogeneous', 'Cum sociis natoque penatibus et magnis dis parturient montes, nascetur ridiculus mus. Vivamus vestibulum sagittis sapien. Cum sociis natoque penatibus et magnis dis parturient montes, nascetur ridiculus mus.
Etiam vel augue. Vestibulum rutrum rutrum neque. Aenean auctor gravida sem.', '2021-10-09');
insert into store_productreview (product_id, name, description, date) values (33, 'fresh-thinking', 'Fusce consequat. Nulla nisl. Nunc nisl.
Duis bibendum, felis sed interdum venenatis, turpis enim blandit mi, in porttitor pede justo eu massa. Donec dapibus. Duis at velit eu est congue elementum.
In hac habitasse platea dictumst. Morbi vestibulum, velit id pretium iaculis, diam erat fermentum justo, nec condimentum neque sapien placerat ante. Nulla justo.', '2022-04-02');
insert into store_productreview (product_id, name, description, date) values (34, 'De-engineered', 'Morbi porttitor lorem id ligula. Suspendisse ornare consequat lectus. In est risus, auctor sed, tristique in, tempus sit amet, sem.
Fusce consequat. Nulla nisl. Nunc nisl.', '2022-06-02');
insert into store_productreview (product_id, name, description, date) values (35, 'directional', 'Integer ac leo. Pellentesque ultrices mattis odio. Donec vitae nisi.
Nam ultrices, libero non mattis pulvinar, nulla pede ullamcorper augue, a suscipit nulla elit ac nulla. Sed vel enim sit amet nunc viverra dapibus. Nulla suscipit ligula in lacus.', '2021-09-13');
insert into store_productreview (product_id, name, description, date) values (36, 'zero administration', 'Cras mi pede, malesuada in, imperdiet et, commodo vulputate, justo. In blandit ultrices enim. Lorem ipsum dolor sit amet, consectetuer adipiscing elit.', '2021-08-13');
insert into store_productreview (product_id, name, description, date) values (37, 'budgetary management', 'In hac habitasse platea dictumst. Etiam faucibus cursus urna. Ut tellus.', '2021-09-04');
insert into store_productreview (product_id, name, description, date) values (38, 'customer loyalty', 'Nulla ut erat id mauris vulputate elementum. Nullam varius. Nulla facilisi.
Cras non velit nec nisi vulputate nonummy. Maecenas tincidunt lacus at velit. Vivamus vel nulla eget eros elementum pellentesque.
Quisque porta volutpat erat. Quisque erat eros, viverra eget, congue eget, semper rutrum, nulla. Nunc purus.', '2022-04-13');
insert into store_productreview (product_id, name, description, date) values (39, 'project', 'Fusce posuere felis sed lacus. Morbi sem mauris, laoreet ut, rhoncus aliquet, pulvinar sed, nisl. Nunc rhoncus dui vel sem.
Sed sagittis. Nam congue, risus semper porta volutpat, quam pede lobortis ligula, sit amet eleifend pede libero quis orci. Nullam molestie nibh in lectus.
Pellentesque at nulla. Suspendisse potenti. Cras in purus eu magna vulputate luctus.', '2021-12-09');
insert into store_productreview (product_id, name, description, date) values (40, 'bifurcated', 'Morbi non lectus. Aliquam sit amet diam in magna bibendum imperdiet. Nullam orci pede, venenatis non, sodales sed, tincidunt eu, felis.
Fusce posuere felis sed lacus. Morbi sem mauris, laoreet ut, rhoncus aliquet, pulvinar sed, nisl. Nunc rhoncus dui vel sem.', '2021-11-04');
insert into store_productreview (product_id, name, description, date) values (41, 'client-driven', 'Etiam vel augue. Vestibulum rutrum rutrum neque. Aenean auctor gravida sem.
Praesent id massa id nisl venenatis lacinia. Aenean sit amet justo. Morbi ut odio.', '2021-08-12');
insert into store_productreview (product_id, name, description, date) values (42, 'interface', 'Duis bibendum, felis sed interdum venenatis, turpis enim blandit mi, in porttitor pede justo eu massa. Donec dapibus. Duis at velit eu est congue elementum.
In hac habitasse platea dictumst. Morbi vestibulum, velit id pretium iaculis, diam erat fermentum justo, nec condimentum neque sapien placerat ante. Nulla justo.
Aliquam quis turpis eget elit sodales scelerisque. Mauris sit amet eros. Suspendisse accumsan tortor quis turpis.', '2021-07-31');
insert into store_productreview (product_id, name, description, date) values (43, 'heuristic', 'Maecenas ut massa quis augue luctus tincidunt. Nulla mollis molestie lorem. Quisque ut erat.', '2021-08-01');
insert into store_productreview (product_id, name, description, date) values (44, 'encompassing', 'Pellentesque at nulla. Suspendisse potenti. Cras in purus eu magna vulputate luctus.
Cum sociis natoque penatibus et magnis dis parturient montes, nascetur ridiculus mus. Vivamus vestibulum sagittis sapien. Cum sociis natoque penatibus et magnis dis parturient montes, nascetur ridiculus mus.
Etiam vel augue. Vestibulum rutrum rutrum neque. Aenean auctor gravida sem.', '2021-11-17');
insert into store_productreview (product_id, name, description, date) values (45, 'project', 'Vestibulum ac est lacinia nisi venenatis tristique. Fusce congue, diam id ornare imperdiet, sapien urna pretium nisl, ut volutpat sapien arcu sed augue. Aliquam erat volutpat.', '2022-01-17');
insert into store_productreview (product_id, name, description, date) values (46, 'tertiary', 'Nullam sit amet turpis elementum ligula vehicula consequat. Morbi a ipsum. Integer a nibh.
In quis justo. Maecenas rhoncus aliquam lacus. Morbi quis tortor id nulla ultrices aliquet.', '2022-03-25');
insert into store_productreview (product_id, name, description, date) values (47, 'homogeneous', 'Lorem ipsum dolor sit amet, consectetuer adipiscing elit. Proin risus. Praesent lectus.
Vestibulum quam sapien, varius ut, blandit non, interdum in, ante. Vestibulum ante ipsum primis in faucibus orci luctus et ultrices posuere cubilia Curae; Duis faucibus accumsan odio. Curabitur convallis.
Duis consequat dui nec nisi volutpat eleifend. Donec ut dolor. Morbi vel lectus in quam fringilla rhoncus.', '2022-05-19');
insert into store_productreview (product_id, name, description, date) values (48, 'solution-oriented', 'In hac habitasse platea dictumst. Etiam faucibus cursus urna. Ut tellus.
Nulla ut erat id mauris vulputate elementum. Nullam varius. Nulla facilisi.
Cras non velit nec nisi vulputate nonummy. Maecenas tincidunt lacus at velit. Vivamus vel nulla eget eros elementum pellentesque.', '2021-09-13');
insert into store_productreview (product_id, name, description, date) values (49, 'algorithm', 'Duis bibendum. Morbi non quam nec dui luctus rutrum. Nulla tellus.
In sagittis dui vel nisl. Duis ac nibh. Fusce lacus purus, aliquet at, feugiat non, pretium quis, lectus.
Suspendisse potenti. In eleifend quam a odio. In hac habitasse platea dictumst.', '2022-04-11');
insert into store_productreview (product_id, name, description, date) values (50, 'Up-sized', 'Cum sociis natoque penatibus et magnis dis parturient montes, nascetur ridiculus mus. Vivamus vestibulum sagittis sapien. Cum sociis natoque penatibus et magnis dis parturient montes, nascetur ridiculus mus.
Etiam vel augue. Vestibulum rutrum rutrum neque. Aenean auctor gravida sem.
Praesent id massa id nisl venenatis lacinia. Aenean sit amet justo. Morbi ut odio.', '2021-08-24');
insert into store_productimage (product_id, image) values (1, 'store/images/1.jpeg');
insert into store_productimage (product_id, image) values (2, 'store/images/2.jpeg');
insert into store_productimage (product_id, image) values (3, 'store/images/3.jpeg');
insert into store_productimage (product_id, image) values (4, 'store/images/4.jpeg');
insert into store_productimage (product_id, image) values (5, 'store/images/5.jpeg');
insert into store_productimage (product_id, image) values (6, 'store/images/6.jpeg');
insert into store_productimage (product_id, image) values (7, 'store/images/7.jpeg');
insert into store_productimage (product_id, image) values (8, 'store/images/8.jpeg');
insert into store_productimage (product_id, image) values (9, 'store/images/9.jpeg');
insert into store_productimage (product_id, image) values (10, 'store/images/10.jpeg');
insert into store_productimage (product_id, image) values (11, 'store/images/11.jpeg');
insert into store_productimage (product_id, image) values (12, 'store/images/12.jpeg'); 
insert into store_productimage (product_id, image) values (13, 'store/images/13.jpeg');
insert into store_productimage (product_id, image) values (14, 'store/images/14.jpeg'); 
insert into store_productimage (product_id, image) values (15, 'store/images/15.jpeg');
insert into store_productimage (product_id, image) values (16, 'store/images/16.jpeg');
insert into store_productimage (product_id, image) values (17, 'store/images/17.jpeg');
insert into store_productimage (product_id, image) values (18, 'store/images/18.jpeg');
insert into store_productimage (product_id, image) values (19, 'store/images/19.jpeg');
insert into store_productimage (product_id, image) values (20, 'store/images/20.jpeg');