insert into store_customer (phone, user_id) values ('845-783-3990', 1);
insert into store_address (street, city, customer_id) values ('6691 Pearson Drive', 'Tramandaí', 1);
insert into store_product (title, slug, description, unit_price, inventory, last_update) 
values ('Giant Sequoia', 'giant-sequoia', 'The largest trees on Earth, Sequoiadendron giganteum, towering giants found in the Sierra Nevada, including Yosemite.', 250.00, 56, '2025-03-24');
insert into store_product (title, slug, description, unit_price, inventory, last_update) 
values ('California Poppy', 'california-poppy', 'The state flower of California, Eschscholzia californica, known for its vibrant orange flowers blooming in spring.', 15.00, 73, '2025-03-24');
insert into store_product (title, slug, description, unit_price, inventory, last_update) 
values ('Sugar Pine', 'sugar-pine', 'A tall pine tree, Pinus lambertiana, known for having the longest cones of any conifer species.', 130.00, 42, '2025-03-24');
insert into store_product (title, slug, description, unit_price, inventory, last_update) 
values ('Western Azalea', 'western-azalea', 'A fragrant shrub, Rhododendron occidentale, with beautiful white to pink flowers, often found in forested areas.', 20.00, 61, '2025-03-24');
insert into store_product (title, slug, description, unit_price, inventory, last_update) 
values ('Yosemite Gooseberry', 'yosemite-gooseberry', 'A species of currant, Ribes roezlii, native to Yosemite, typically found near streams and rivers.', 18.00, 48, '2025-03-24');
insert into store_product (title, slug, description, unit_price, inventory, last_update) 
values ('Japanese Maple', 'japanese-maple', 'Known for its beautiful red, orange, and gold leaves during the autumn season, Acer palmatum is a popular ornamental tree.', 75.00, 34, '2025-03-24');
insert into store_product (title, slug, description, unit_price, inventory, last_update) 
values ('Sakura', 'sakura', 'The iconic cherry blossom tree, Prunus serrulata, symbolizing spring in Japan with its delicate pink flowers.', 60.00, 89, '2025-03-24');
insert into store_product (title, slug, description, unit_price, inventory, last_update) 
values ('Japanese Cedar', 'japanese-cedar', 'A coniferous evergreen tree, Cryptomeria japonica, considered sacred and vital in Japanese culture.', 110.00, 24, '2025-03-24');
insert into store_product (title, slug, description, unit_price, inventory, last_update) 
values ('Ginkgo', 'ginkgo', 'Known for its fan-shaped leaves, Ginkgo biloba is often referred to as a living fossil.', 45.00, 65, '2025-03-24');
insert into store_product (title, slug, description, unit_price, inventory, last_update) 
values ('Japanese Iris', 'japanese-iris', 'A beautiful flowering plant, Iris ensata, that thrives in wet environments, with striking blue or purple flowers.', 30.00, 52, '2025-03-24');
insert into store_product (title, slug, description, unit_price, inventory, last_update) 
values ('Arctic Moss', 'arctic-moss', 'A hardy moss, Racomitrium lanuginosum, thriving in cold environments, often found on rocky surfaces in Iceland.', 5.00, 91, '2025-03-24');
insert into store_product (title, slug, description, unit_price, inventory, last_update) 
values ('Icelandic Poppy', 'icelandic-poppy', 'A bright yellow or white flowering plant, Papaver radicatum, native to Iceland’s rocky, mountainous regions.', 25.00, 67, '2025-03-24');
insert into store_product (title, slug, description, unit_price, inventory, last_update) 
values ('Birch', 'birch', 'A small deciduous tree, Betula pubescens, that adapts well to Iceland\'s cold climate and is common in the island\'s forests.', 35.00, 50, '2025-03-24');
insert into store_product (title, slug, description, unit_price, inventory, last_update) 
values ('Cotton Grass', 'cotton-grass', 'A plant, Eriophorum angustifolium, often found in wetlands, featuring fluffy white tufts, and plays an important role in wetland ecosystems.', 12.00, 58, '2025-03-24');
insert into store_product (title, slug, description, unit_price, inventory, last_update) 
values ('Lichen', 'lichen', 'Various types of lichen, such as Cladonia rangiferina, thrive in Iceland’s harsh, nutrient-poor soils.', 7.00, 33, '2025-03-24');
insert into store_product (title, slug, description, unit_price, inventory, last_update) 
values ('Madeira Laurel', 'madeira-laurel', 'An evergreen tree, Prunus lusitanica, with aromatic leaves, native to the laurel forests of Madeira.', 40.00, 71, '2025-03-24');
insert into store_product (title, slug, description, unit_price, inventory, last_update) 
values ('Tassel Hyacinth', 'tassel-hyacinth', 'A bulbous plant, Hyacinthus orientalis, known for its colorful flowers, often seen in gardens across Madeira.', 15.00, 82, '2025-03-24');
insert into store_product (title, slug, description, unit_price, inventory, last_update) 
values ('Madeiran Sage', 'madeiran-sage', 'A fragrant herb, Salvia plebeia, native to Madeira, often used in traditional herbal medicine.', 18.00, 46, '2025-03-24');
insert into store_product (title, slug, description, unit_price, inventory, last_update) 
values ('Dragon Tree', 'dragon-tree', 'A unique tree, Dracaena draco, with striking, spiky leaves and red resin, native to the Canary Islands and Madeira.', 90.00, 29, '2025-03-24');
insert into store_product (title, slug, description, unit_price, inventory, last_update) 
values ('Broom', 'broom', 'A shrub, Cytisus scoparius, that blooms with vibrant yellow flowers, common in Madeira’s natural landscapes.', 22.00, 53, '2025-03-24');
insert into store_product (title, slug, description, unit_price, inventory, last_update) 
values ('Lotus', 'lotus', 'A sacred and beautiful plant, Nelumbo nucifera, known for its large, fragrant flowers that grow in ponds and marshes across Vietnam.', 10.00, 77, '2025-03-24');
insert into store_product (title, slug, description, unit_price, inventory, last_update) 
values ('Vietnamese Ginseng', 'vietnamese-ginseng', 'A medicinal herb, Panax vietnamensis, native to Vietnam, used for its potential health benefits in traditional medicine.', 150.00, 35, '2025-03-24');
insert into store_product (title, slug, description, unit_price, inventory, last_update) 
values ('Cinnamon', 'cinnamon', 'A small evergreen tree, Cinnamomum verum, native to Vietnam, valued for its aromatic bark used as a spice.', 40.00, 64, '2025-03-24');
insert into store_product (title, slug, description, unit_price, inventory, last_update) 
values ('Mangrove', 'mangrove', 'These coastal trees, Rhizophora apiculata, are adapted to tidal zones and form crucial ecosystems for coastal protection.', 35.00, 88, '2025-03-24');
insert into store_product (title, slug, description, unit_price, inventory, last_update) 
values ('Banana', 'banana', 'Indigenous banana species, Musa spp., are widely grown in Vietnam for their fruit and leaves, which are used in local cuisine.', 5.00, 90, '2025-03-24');
insert into store_cart (id, created_at, customer_id) values ('46f7b8b5e6fd4262b19b5dbda6f9fb14', '2021-09-07', 1);
insert into store_cart (id, created_at, customer_id) values ('d5e91d705d924bc28b11d56f9a85fee0', '2022-04-17', 1);
insert into store_cart (id, created_at, customer_id) values ('cca92024c05843acbf6d2477d7d1f810', '2021-11-18', 1);
insert into store_cart (id, created_at, customer_id) values ('0a170673df954a55b94bd892e95e0881', '2022-03-06', 1);
insert into store_cart (id, created_at, customer_id) values ('7d3bb590047c43738acf1d92fc7a6d29', '2021-07-30', 1);
insert into store_cart (id, created_at, customer_id) values ('3ffad02098cd485a8b002d6d0e232f90', '2022-05-09', 1);
insert into store_cart (id, created_at, customer_id) values ('6a456b3b48954a1ca40a08252e7fdc61', '2021-07-05', 1);
insert into store_cart (id, created_at, customer_id) values ('72fb6b97438c43938f8d4f8ffc393cbb', '2022-01-14', 1);
insert into store_cart (id, created_at, customer_id) values ('da4ada44590d46f39cf010f84943253c', '2022-02-08', 1);
insert into store_cart (id, created_at, customer_id) values ('0084f7243e934d78bd49c49a2c8c36c7', '2022-06-12', 1);
insert into store_cart (id, created_at, customer_id) values ('fc6bb27eb0ea4158a359a692dfc7c54b', '2022-03-17', 1);
insert into store_cart (id, created_at, customer_id) values ('73298e37c4d449b48274f8df5ebf6b96', '2022-06-02', 1);
insert into store_cart (id, created_at, customer_id) values ('5d58d17d328c4d0e92d0ee617aabb10d', '2022-02-17', 1);
insert into store_cart (id, created_at, customer_id) values ('f0aca5162dca482684f273361bc7e0f3', '2021-09-30', 1);
insert into store_cart (id, created_at, customer_id) values ('268e476a07d0457d9682241757fe5a1f', '2021-12-24', 1);
insert into store_cart (id, created_at, customer_id) values ('f17f2cba46654d749940af469d9e822f', '2022-03-20', 1);
insert into store_cart (id, created_at, customer_id) values ('cf7183e89c3743eeb4be44b7a3d8543e', '2022-02-03', 1);
insert into store_cart (id, created_at, customer_id) values ('8cf16ac5646d4dc58993cad5e3e324fb', '2021-09-08', 1);
insert into store_cart (id, created_at, customer_id) values ('3cd9be1c2b604972bcc9d1eba4703423', '2022-02-02', 1);
insert into store_cart (id, created_at, customer_id) values ('f28f0db37a17483fa1496feff87e9c5d', '2022-04-27', 1);

insert into store_cartitem (cart_id, product_id, quantity) values ('46f7b8b5e6fd4262b19b5dbda6f9fb14', 1, 2);  -- Giant Sequoia
insert into store_cartitem (cart_id, product_id, quantity) values ('46f7b8b5e6fd4262b19b5dbda6f9fb14', 2, 3);  -- California Poppy
insert into store_cartitem (cart_id, product_id, quantity) values ('d5e91d705d924bc28b11d56f9a85fee0', 3, 1);  -- Sugar Pine
insert into store_cartitem (cart_id, product_id, quantity) values ('d5e91d705d924bc28b11d56f9a85fee0', 4, 5);  -- Western Azalea
insert into store_cartitem (cart_id, product_id, quantity) values ('cca92024c05843acbf6d2477d7d1f810', 5, 1);  -- Yosemite Gooseberry
insert into store_cartitem (cart_id, product_id, quantity) values ('cca92024c05843acbf6d2477d7d1f810', 6, 2);  -- Japanese Maple
insert into store_cartitem (cart_id, product_id, quantity) values ('0a170673df954a55b94bd892e95e0881', 7, 4);  -- Sakura
insert into store_cartitem (cart_id, product_id, quantity) values ('0a170673df954a55b94bd892e95e0881', 8, 3);  -- Japanese Cedar
insert into store_cartitem (cart_id, product_id, quantity) values ('7d3bb590047c43738acf1d92fc7a6d29', 9, 1);  -- Ginkgo
insert into store_cartitem (cart_id, product_id, quantity) values ('7d3bb590047c43738acf1d92fc7a6d29', 10, 2); -- Japanese Iris
insert into store_cartitem (cart_id, product_id, quantity) values ('3ffad02098cd485a8b002d6d0e232f90', 11, 1); -- Arctic Moss
insert into store_cartitem (cart_id, product_id, quantity) values ('3ffad02098cd485a8b002d6d0e232f90', 12, 3); -- Icelandic Poppy
insert into store_cartitem (cart_id, product_id, quantity) values ('6a456b3b48954a1ca40a08252e7fdc61', 13, 2); -- Birch
insert into store_cartitem (cart_id, product_id, quantity) values ('6a456b3b48954a1ca40a08252e7fdc61', 14, 1); -- Cotton Grass
insert into store_cartitem (cart_id, product_id, quantity) values ('72fb6b97438c43938f8d4f8ffc393cbb', 15, 5); -- Lichen
insert into store_cartitem (cart_id, product_id, quantity) values ('72fb6b97438c43938f8d4f8ffc393cbb', 16, 1); -- Madeira Laurel
insert into store_cartitem (cart_id, product_id, quantity) values ('da4ada44590d46f39cf010f84943253c', 17, 2); -- Tassel Hyacinth
insert into store_cartitem (cart_id, product_id, quantity) values ('da4ada44590d46f39cf010f84943253c', 18, 3); -- Madeiran Sage
insert into store_cartitem (cart_id, product_id, quantity) values ('0084f7243e934d78bd49c49a2c8c36c7', 19, 1); -- Dragon Tree
insert into store_cartitem (cart_id, product_id, quantity) values ('0084f7243e934d78bd49c49a2c8c36c7', 20, 2); -- Broom
insert into store_cartitem (cart_id, product_id, quantity) values ('fc6bb27eb0ea4158a359a692dfc7c54b', 21, 3); -- Lotus
insert into store_cartitem (cart_id, product_id, quantity) values ('fc6bb27eb0ea4158a359a692dfc7c54b', 22, 1); -- Vietnamese Ginseng
insert into store_cartitem (cart_id, product_id, quantity) values ('73298e37c4d449b48274f8df5ebf6b96', 23, 2); -- Cinnamon
insert into store_cartitem (cart_id, product_id, quantity) values ('73298e37c4d449b48274f8df5ebf6b96', 24, 4); -- Mangrove
insert into store_cartitem (cart_id, product_id, quantity) values ('5d58d17d328c4d0e92d0ee617aabb10d', 25, 1); -- Banana

insert into store_promotion (title, slug, description, discount) values ('frame', 'frame', 'frame desc.', 41);
insert into store_promotion (title, slug, description, discount) values ('optimizing', 'optimizing', 'optimizing desc.', 48);
insert into store_promotion (title, slug, description, discount) values ('definition', 'definition', 'definition desc.', 25);
insert into store_collection (title, slug) values ('Yosemite', 'yosemite');
insert into store_collection (title, slug) values ('Japan', 'japan');
insert into store_collection (title, slug) values ('Iceland', 'iceland');
insert into store_collection (title, slug) values ('Madeira', 'madeira');
insert into store_collection (title, slug) values ('Vietnam', 'vietnam');
insert into store_order (id, placed_at, payment_status, customer_id) values ('7b78b8a894954db9a687035eaef5fbdf', '2021-09-26', 'P', 1);
insert into store_order (id, placed_at, payment_status, customer_id) values ('10935b5033c744919fc903d8667aeb23', '2022-05-11', 'P', 1);
insert into store_order (id, placed_at, payment_status, customer_id) values ('1888a7a48f1d4790b93ef9eecff9726d', '2021-08-15', 'P', 1);
insert into store_order (id, placed_at, payment_status, customer_id) values ('5efc11959ba54d14882203fbcc98bdd4', '2022-02-06', 'P', 1);
insert into store_order (id, placed_at, payment_status, customer_id) values ('e1b26d19836f42dd874f87cd1a242260', '2021-10-06', 'P', 1);
insert into store_order (id, placed_at, payment_status, customer_id) values ('aa594edb59e4414cbfb4f1a9cd8d5555', '2021-12-26', 'P', 1);
insert into store_order (id, placed_at, payment_status, customer_id) values ('27e3f67e708142ebb62ca27158cd349e', '2021-08-29', 'P', 1);
insert into store_order (id, placed_at, payment_status, customer_id) values ('dc738d16bc3b4207a634145042893c51', '2022-04-28', 'P', 1);
insert into store_order (id, placed_at, payment_status, customer_id) values ('c9b9dcf3b8df46699a9ae6c5b36ede5e', '2021-09-05', 'C', 1);
insert into store_order (id, placed_at, payment_status, customer_id) values ('01bd3c0e24264e1db534c630f27d8881', '2022-05-22', 'C', 1);
insert into store_order (id, placed_at, payment_status, customer_id) values ('d648848c36e64941af17fc879e8ee1fc', '2022-03-13', 'F', 1);
insert into store_order (id, placed_at, payment_status, customer_id) values ('ea1a1aae0be641fab1b9db7772cb4931', '2021-07-01', 'P', 1);
insert into store_order (id, placed_at, payment_status, customer_id) values ('e14efcbf6b5348e59679880c9fde0736', '2022-05-19', 'C', 1);
insert into store_order (id, placed_at, payment_status, customer_id) values ('6e0be8c89f9c4164b0f0d53c85eac33e', '2022-01-04', 'F', 1);
insert into store_order (id, placed_at, payment_status, customer_id) values ('c0a06df8af0548d4814da6927a2f32e3', '2021-08-08', 'F', 1);
insert into store_order (id, placed_at, payment_status, customer_id) values ('4f1d0d97a92e4e6681b6a58c8f31805e', '2021-08-07', 'P', 1);
insert into store_order (id, placed_at, payment_status, customer_id) values ('700d666efede4a1aaf6aa1d4f8a985d6', '2022-03-06', 'C', 1);
insert into store_order (id, placed_at, payment_status, customer_id) values ('d8362b1f26c049199c2e3e8ab012b518', '2022-03-16', 'F', 1);
insert into store_order (id, placed_at, payment_status, customer_id) values ('5c12956bef8d4c70a448cc5b4ff0d864', '2022-05-31', 'C', 1);
insert into store_order (id, placed_at, payment_status, customer_id) values ('4f3eb5d2e8a346b9a8a75a18f4258acf', '2021-08-20', 'P', 1);

insert into store_orderitem (quantity, order_id, product_id, unit_price) values (8, '7b78b8a894954db9a687035eaef5fbdf', 16, 40.00);  -- Madeira Laurel (product_id = 16)
insert into store_orderitem (quantity, order_id, product_id, unit_price) values (3, '7b78b8a894954db9a687035eaef5fbdf', 14, 12.00);  -- Cotton Grass (product_id = 14)
insert into store_orderitem (quantity, order_id, product_id, unit_price) values (2, '7b78b8a894954db9a687035eaef5fbdf', 17, 15.00);  -- Tassel Hyacinth (product_id = 17)
insert into store_orderitem (quantity, order_id, product_id, unit_price) values (4, '7b78b8a894954db9a687035eaef5fbdf', 19, 90.00);  -- Dragon Tree (product_id = 19)
insert into store_orderitem (quantity, order_id, product_id, unit_price) values (3, '7b78b8a894954db9a687035eaef5fbdf', 3, 130.00);   -- Sugar Pine (product_id = 3)
insert into store_orderitem (quantity, order_id, product_id, unit_price) values (7, '10935b5033c744919fc903d8667aeb23', 19, 90.00);  -- Dragon Tree (product_id = 19)
insert into store_orderitem (quantity, order_id, product_id, unit_price) values (7, '10935b5033c744919fc903d8667aeb23', 3, 130.00);   -- Sugar Pine (product_id = 3)
insert into store_orderitem (quantity, order_id, product_id, unit_price) values (4, '10935b5033c744919fc903d8667aeb23', 2, 15.00);   -- California Poppy (product_id = 2)
insert into store_orderitem (quantity, order_id, product_id, unit_price) values (9, '10935b5033c744919fc903d8667aeb23', 10, 30.00);  -- Japanese Iris (product_id = 10)
insert into store_orderitem (quantity, order_id, product_id, unit_price) values (10, '10935b5033c744919fc903d8667aeb23', 9, 45.00);  -- Ginkgo (product_id = 9)
insert into store_orderitem (quantity, order_id, product_id, unit_price) values (4, '10935b5033c744919fc903d8667aeb23', 15, 7.00);  -- Lichen (product_id = 15)
insert into store_orderitem (quantity, order_id, product_id, unit_price) values (3, '10935b5033c744919fc903d8667aeb23', 10, 30.00);  -- Japanese Iris (product_id = 10)
insert into store_orderitem (quantity, order_id, product_id, unit_price) values (9, '1888a7a48f1d4790b93ef9eecff9726d', 18, 18.00);  -- Madeiran Sage (product_id = 18)
insert into store_orderitem (quantity, order_id, product_id, unit_price) values (9, '1888a7a48f1d4790b93ef9eecff9726d', 21, 10.00);  -- Lotus (product_id = 21)
insert into store_orderitem (quantity, order_id, product_id, unit_price) values (2, '1888a7a48f1d4790b93ef9eecff9726d', 22, 150.00);  -- Vietnamese Ginseng (product_id = 22)
insert into store_orderitem (quantity, order_id, product_id, unit_price) values (10, '1888a7a48f1d4790b93ef9eecff9726d', 21, 10.00);  -- Lotus (product_id = 21)
insert into store_orderitem (quantity, order_id, product_id, unit_price) values (4, '1888a7a48f1d4790b93ef9eecff9726d', 24, 35.00);  -- Mangrove (product_id = 24)
insert into store_orderitem (quantity, order_id, product_id, unit_price) values (5, '1888a7a48f1d4790b93ef9eecff9726d', 23, 40.00);  -- Cinnamon (product_id = 23)
insert into store_orderitem (quantity, order_id, product_id, unit_price) values (8, '1888a7a48f1d4790b93ef9eecff9726d', 20, 22.00);  -- Broom (product_id = 20)
insert into store_orderitem (quantity, order_id, product_id, unit_price) values (1, '1888a7a48f1d4790b93ef9eecff9726d', 24, 35.00);  -- Mangrove (product_id = 24)


-- Yosemite Collection
insert into store_product_collections (product_id, collection_id) values (1, 1);  -- Giant Sequoia
insert into store_product_collections (product_id, collection_id) values (2, 1);  -- California Poppy
insert into store_product_collections (product_id, collection_id) values (3, 1);  -- Sugar Pine
insert into store_product_collections (product_id, collection_id) values (4, 1);  -- Western Azalea
insert into store_product_collections (product_id, collection_id) values (5, 1);  -- Yosemite Gooseberry

-- Japan Collection
insert into store_product_collections (product_id, collection_id) values (6, 2);  -- Japanese Maple
insert into store_product_collections (product_id, collection_id) values (7, 2);  -- Sakura
insert into store_product_collections (product_id, collection_id) values (8, 2);  -- Japanese Cedar
insert into store_product_collections (product_id, collection_id) values (9, 2);  -- Ginkgo
insert into store_product_collections (product_id, collection_id) values (10, 2); -- Japanese Iris

-- Iceland Collection
insert into store_product_collections (product_id, collection_id) values (11, 3); -- Arctic Moss
insert into store_product_collections (product_id, collection_id) values (12, 3); -- Icelandic Poppy
insert into store_product_collections (product_id, collection_id) values (13, 3); -- Birch
insert into store_product_collections (product_id, collection_id) values (14, 3); -- Cotton Grass
insert into store_product_collections (product_id, collection_id) values (15, 3); -- Lichen

-- Madeira Collection
insert into store_product_collections (product_id, collection_id) values (16, 4); -- Madeira Laurel
insert into store_product_collections (product_id, collection_id) values (17, 4); -- Tassel Hyacinth
insert into store_product_collections (product_id, collection_id) values (18, 4); -- Madeiran Sage
insert into store_product_collections (product_id, collection_id) values (19, 4); -- Dragon Tree
insert into store_product_collections (product_id, collection_id) values (20, 4); -- Broom

-- Vietnam Collection
insert into store_product_collections (product_id, collection_id) values (21, 5); -- Lotus
insert into store_product_collections (product_id, collection_id) values (22, 5); -- Vietnamese Ginseng
insert into store_product_collections (product_id, collection_id) values (23, 5); -- Cinnamon
insert into store_product_collections (product_id, collection_id) values (24, 5); -- Mangrove
insert into store_product_collections (product_id, collection_id) values (25, 5); -- Banana

insert into store_productreview (product_id, name, description, date) values (1, 'John Doe', 'The Giant Sequoia is truly magnificent! The size of these trees is awe-inspiring, and they are a symbol of nature’s grandeur.', '2025-03-24');
insert into store_productreview (product_id, name, description, date) values (2, 'Jane Smith', 'The California Poppy is a beautiful burst of color in the spring. The vibrant orange flowers are a sight to behold.', '2025-03-24');
insert into store_productreview (product_id, name, description, date) values (3, 'Emily Johnson', 'Sugar Pine has such a unique beauty. The longest cones of any pine tree make it stand out in any landscape.', '2025-03-24');
insert into store_productreview (product_id, name, description, date) values (4, 'Michael Brown', 'The Western Azalea’s fragrance is delightful, and its soft pink flowers are perfect for any garden or trail.', '2025-03-24');
insert into store_productreview (product_id, name, description, date) values (5, 'Sarah Lee', 'Yosemite Gooseberry is a hidden gem of the park, often overlooked but it adds so much character to the environment, especially near streams.', '2025-03-24');

insert into store_productreview (product_id, name, description, date) values (6, 'Takashi Watanabe', 'The Japanese Maple is a breathtaking sight, especially in autumn when its leaves turn vibrant red and orange. A perfect addition to any garden.', '2025-03-24');
insert into store_productreview (product_id, name, description, date) values (7, 'Yuki Tanaka', 'Sakura in bloom is one of Japan’s most iconic views. The cherry blossoms create a serene atmosphere, making it a must-see during spring.', '2025-03-24');
insert into store_productreview (product_id, name, description, date) values (8, 'Haruto Sato', 'The Japanese Cedar is an important tree in our culture. It’s not only a beautiful evergreen, but it also has historical significance.', '2025-03-24');
insert into store_productreview (product_id, name, description, date) values (9, 'Naoko Yamamoto', 'Ginkgo trees are incredibly resilient. Their fan-shaped leaves turn a stunning yellow in the fall, adding vibrance to the urban landscape.', '2025-03-24');
insert into store_productreview (product_id, name, description, date) values (10, 'Hiroshi Ito', 'Japanese Iris is a beautiful aquatic plant. Its delicate purple flowers are perfect for ponds or garden edges and bring a peaceful aura.', '2025-03-24');

insert into store_productreview (product_id, name, description, date) values (11, 'Anna Bjornsdottir', 'Arctic Moss is incredibly resilient and a true representation of Iceland’s harsh beauty. It thrives in extreme conditions, making it a symbol of endurance.', '2025-03-24');
insert into store_productreview (product_id, name, description, date) values (12, 'Eirikur Jonsson', 'The Icelandic Poppy blooms in the most unusual and tough conditions. Its yellow flowers are a cheerful sight in the Icelandic wilderness.', '2025-03-24');
insert into store_productreview (product_id, name, description, date) values (13, 'Sigridur Olafsdottir', 'Birch trees are so versatile and thrive well in Iceland’s cool climate. Their white bark contrasts beautifully with the surrounding green.', '2025-03-24');
insert into store_productreview (product_id, name, description, date) values (14, 'Bjorn Stefansson', 'Cotton Grass is a common sight in Icelandic wetlands. Its soft, white tufts are striking against the stark, rugged landscape.', '2025-03-24');
insert into store_productreview (product_id, name, description, date) values (15, 'Gudrun Sigurdardottir', 'Lichen is an important part of Iceland’s ecosystem. Its ability to survive the harsh conditions is truly remarkable, and it adds texture to the environment.', '2025-03-24');

insert into store_productreview (product_id, name, description, date) values (16, 'Joao Silva', 'Madeira Laurel is a beautiful and resilient tree. Its dense foliage and fragrant flowers make it a standout in the Madeira forests.', '2025-03-24');
insert into store_productreview (product_id, name, description, date) values (17, 'Maria Oliveira', 'Tassel Hyacinth’s purple flowers create a stunning contrast against the green backdrop of Madeira’s landscape. Truly a breathtaking sight.', '2025-03-24');
insert into store_productreview (product_id, name, description, date) values (18, 'Carlos Fernandes', 'Madeiran Sage has an amazing aroma and is an essential part of the local ecosystem. Its purple flowers are a delight for the senses.', '2025-03-24');
insert into store_productreview (product_id, name, description, date) values (19, 'Sofia Costa', 'The Dragon Tree is strikingly unique. Its twisted trunk and red resin make it an unforgettable part of Madeira’s landscape.', '2025-03-24');
insert into store_productreview (product_id, name, description, date) values (20, 'Pedro Gomes', 'Broom is a beautiful shrub with bright yellow flowers. It’s a common sight across Madeira and brings joy to anyone walking by.', '2025-03-24');

insert into store_productreview (product_id, name, description, date) values (21, 'Nguyen Minh', 'Lotus flowers are not only beautiful but also hold deep cultural significance in Vietnam. Their elegance and grace are unmatched.', '2025-03-24');
insert into store_productreview (product_id, name, description, date) values (22, 'Tran Thi', 'Vietnamese Ginseng is highly valued for its medicinal properties. I use it regularly for health benefits, and I highly recommend it.', '2025-03-24');
insert into store_productreview (product_id, name, description, date) values (23, 'Le Quang', 'Cinnamon is a spice I use daily in Vietnamese cooking. It adds warmth and depth to dishes, and the aroma is unforgettable.', '2025-03-24');
insert into store_productreview (product_id, name, description, date) values (24, 'Mai Anh', 'Mangrove trees are an important part of Vietnam’s coastal ecosystems. They protect shorelines and are critical for local biodiversity.', '2025-03-24');
insert into store_productreview (product_id, name, description, date) values (25, 'Hoang Duong', 'Vietnamese bananas are sweet and delicious. They are a staple in my home and are perfect for snacks or desserts.', '2025-03-24');

insert into store_productimage (product_id, image) values (1, 'store/images/sequoia.webp');
insert into store_productimage (product_id, image) values (2, 'store/images/california_poppy.jpg');
insert into store_productimage (product_id, image) values (3, 'store/images/sugar_pine.jpg');
insert into store_productimage (product_id, image) values (4, 'store/images/western_azalea.jpg');
insert into store_productimage (product_id, image) values (5, 'store/images/yosemite_wildflower.jpg');
insert into store_productimage (product_id, image) values (6, 'store/images/japanese_maple.jpg');
insert into store_productimage (product_id, image) values (7, 'store/images/sakura.jpg');
insert into store_productimage (product_id, image) values (8, 'store/images/japanese_cedar.png');
insert into store_productimage (product_id, image) values (9, 'store/images/ginkgo.jpg');
insert into store_productimage (product_id, image) values (10, 'store/images/japanese_iris.jpg');
insert into store_productimage (product_id, image) values (11, 'store/images/arctic_moss.webp');
insert into store_productimage (product_id, image) values (12, 'store/images/iceland_poppies.jpg');
insert into store_productimage (product_id, image) values (13, 'store/images/birch_tree.jpg');
insert into store_productimage (product_id, image) values (14, 'store/images/icelandic_cotton_grass.png');
insert into store_productimage (product_id, image) values (15, 'store/images/lichen.jpg');
insert into store_productimage (product_id, image) values (16, 'store/images/madeira_laurel.png');
insert into store_productimage (product_id, image) values (17, 'store/images/Tassel_Hyacinth.jpeg');
insert into store_productimage (product_id, image) values (18, 'store/images/Madeiran_Sage.jpg');
insert into store_productimage (product_id, image) values (19, 'store/images/madeira_dragon_tree.jpg');
insert into store_productimage (product_id, image) values (20, 'store/images/madeira_broom.jpg');
insert into store_productimage (product_id, image) values (21, 'store/images/vietnamese_lotus.jpg');
insert into store_productimage (product_id, image) values (22, 'store/images/Vietnamese_Ginseng.jpeg');
insert into store_productimage (product_id, image) values (23, 'store/images/vietnamese_cinnamon.jpg');
insert into store_productimage (product_id, image) values (24, 'store/images/mangrove.jpg');
insert into store_productimage (product_id, image) values (25, 'store/images/vietnamese_banana.jpg');